{
    "best_model": "xgboost",
    "best_params": {
        "model": "xgboost",
        "n_estimators": 347,
        "learning_rate": 0.1270857748434493,
        "max_depth": 9,
        "subsample": 0.9651075061862696,
        "colsample_bytree": 0.9920119027097992
    },
    "accuracy": 0.7987,
    "roc_auc": 0.8169,
    "f1_score": 0.7257,
    "threshold": 0.5
}