{
    "accuracy": 0.7337662337662337,
    "report": {
        "0": {
            "precision": 0.7959183673469388,
            "recall": 0.7878787878787878,
            "f1-score": 0.7918781725888325,
            "support": 99.0
        },
        "1": {
            "precision": 0.625,
            "recall": 0.6363636363636364,
            "f1-score": 0.6306306306306306,
            "support": 55.0
        },
        "accuracy": 0.7337662337662337,
        "macro avg": {
            "precision": 0.7104591836734694,
            "recall": 0.7121212121212122,
            "f1-score": 0.7112544016097315,
            "support": 154.0
        },
        "weighted avg": {
            "precision": 0.7348760932944607,
            "recall": 0.7337662337662337,
            "f1-score": 0.7342897647466176,
            "support": 154.0
        }
    }
}